"Status","Start Time","Stop Time","Duration in ms","Parent Suite","Suite","Sub Suite","Test Class","Test Method","Name","Description"
"passed","Wed May 22 06:45:47 GMT 2024","Wed May 22 06:45:47 GMT 2024","80","tests_consume","test_direct","test_blocktest[tests/istanbul/eip1344_chainid/test_chainid.py","","","test_blocktest[tests/istanbul/eip1344_chainid/test_chainid.py::test_chainid[fork_Paris-blockchain_test]]",""
"passed","Wed May 22 06:45:47 GMT 2024","Wed May 22 06:45:47 GMT 2024","1","tests_consume","test_direct","test_statetest[tests/istanbul/eip1344_chainid/test_chainid.py","","","test_statetest[tests/istanbul/eip1344_chainid/test_chainid.py::test_chainid[fork_Paris-state_test]]",""
"passed","Wed May 22 06:45:47 GMT 2024","Wed May 22 06:45:47 GMT 2024","72","tests_consume","test_direct","test_blocktest[tests/istanbul/eip1344_chainid/test_chainid.py","","","test_blocktest[tests/istanbul/eip1344_chainid/test_chainid.py::test_chainid[fork_Istanbul-blockchain_test]]",""
"passed","Wed May 22 06:45:47 GMT 2024","Wed May 22 06:45:47 GMT 2024","1","tests_consume","test_direct","test_statetest[tests/istanbul/eip1344_chainid/test_chainid.py","","","test_statetest[tests/istanbul/eip1344_chainid/test_chainid.py::test_chainid[fork_Istanbul-state_test]]",""
"passed","Wed May 22 06:45:47 GMT 2024","Wed May 22 06:45:47 GMT 2024","60","tests_consume","test_direct","test_blocktest[tests/istanbul/eip1344_chainid/test_chainid.py","","","test_blocktest[tests/istanbul/eip1344_chainid/test_chainid.py::test_chainid[fork_Berlin-blockchain_test]]",""
"passed","Wed May 22 06:45:47 GMT 2024","Wed May 22 06:45:47 GMT 2024","73","tests_consume","test_direct","test_blocktest[tests/istanbul/eip1344_chainid/test_chainid.py","","","test_blocktest[tests/istanbul/eip1344_chainid/test_chainid.py::test_chainid[fork_Shanghai-blockchain_test]]",""
"passed","Wed May 22 06:45:47 GMT 2024","Wed May 22 06:45:47 GMT 2024","1","tests_consume","test_direct","test_statetest[tests/istanbul/eip1344_chainid/test_chainid.py","","","test_statetest[tests/istanbul/eip1344_chainid/test_chainid.py::test_chainid[fork_London-state_test]]",""
"passed","Wed May 22 06:45:47 GMT 2024","Wed May 22 06:45:47 GMT 2024","79","tests_consume","test_direct","test_blocktest[tests/istanbul/eip1344_chainid/test_chainid.py","","","test_blocktest[tests/istanbul/eip1344_chainid/test_chainid.py::test_chainid[fork_London-blockchain_test]]",""
"passed","Wed May 22 06:45:47 GMT 2024","Wed May 22 06:45:47 GMT 2024","0","tests_consume","test_direct","test_statetest[tests/istanbul/eip1344_chainid/test_chainid.py","","","test_statetest[tests/istanbul/eip1344_chainid/test_chainid.py::test_chainid[fork_Shanghai-state_test]]",""
"passed","Wed May 22 06:45:47 GMT 2024","Wed May 22 06:45:47 GMT 2024","0","tests_consume","test_direct","test_statetest[tests/istanbul/eip1344_chainid/test_chainid.py","","","test_statetest[tests/istanbul/eip1344_chainid/test_chainid.py::test_chainid[fork_Berlin-state_test]]",""
